Digraph,Count
ou,24792
ug,3431
gh,6260
st,18428
ti,14937
il,8594
ll,13770
so,8487
we,7224
ea,14211
ak,2677
th,71252
ha,27367
at,28830
it,21449
wa,12453
as,20569
ut,11340
of,17522
he,75339
qu,2440
ue,2125
es,20680
io,7867
on,27523
to,24605
mo,5973
ov,6226
ve,15152
er,45213
co,13030
un,9098
nt,16815
tr,6075
ry,6006
an,44094
nd,35471
te,19405
ss,9982
ad,11570
be,11138
ee,8290
en,27730
se,18152
fo,8291
or,20767
Pi,2026
ie,8787
rr,5019
re,37467
sa,8566
aw,2190
di,8054
is,22698
ra,8767
ac,7544
ct,4316
ed,29444
ny,2101
ya,1254
wh,10535
ho,13805
ar,18923
ta,8563
ai,9013
in,50076
ne,15487
fa,3954
ce,13840
bu,4192
ul,6612
ld,7191
no,12385
ot,10619
Na,1950
sh,10347
cl,2159
lu,1615
ub,993
da,2413
ay,5567
rd,4903
al,14487
si,9607
id,9059
de,13922
go,2907
os,7150
ip,907
ab,3697
bo,3465
tt,4402
em,6696
mp,3412
pt,1500
bd,32
du,1078
uc,2201
Ro,1197
va,1688
He,2339
ol,7965
el,10787
ly,10304
ni,5350
ru,2365
um,1511
rs,8369
su,4037
ur,8645
ri,14263
ng,25869
ev,5438
yo,5414
hi,26034
ap,4045
pp,2561
pe,8264
ex,3309
xc,590
ep,3502
br,1987
ro,14267
la,8017
pr,5907
op,3264
po,4893
ef,3281
fu,1970
us,9415
It,1047
me,15746
ty,3347
nc,9436
le,18071
af,1503
ff,2888
ir,6301
bl,3934
li,9973
td,819
ds,3155
pu,1245
Pr,2482
An,3072
dr,3737
ew,3401
et,7922
tu,3616
rn,2779
wi,10100
ws,773
im,10048
Ol,64
Bo,1105
lk,1066
ns,6432
sk,2211
ki,3277
cu,1862
ow,10471
wn,2288
fr,4441
om,11470
Ma,1501
oi,2437
nn,1951
ic,9096
ch,11504
ok,3415
ke,5866
ga,3536
ag,3568
ge,6048
sp,3241
pi,2364
ts,4103
ua,1417
gr,2853
pa,4519
So,510
ys,1420
ft,2355
na,3965
rt,4868
ec,5487
ei,3721
iv,3554
nf,1159
rm,2993
As,277
oo,7463
Mo,1024
sc,2294
rl,1363
lo,8286
gi,2605
dd,1311
ca,7052
am,4903
xt,517
xp,1272
fi,4876
rp,564
ud,1493
dy,1372
ma,8249
vo,1571
ig,4635
gu,1259
Pe,493
sb,413
rg,1345
Th,5318
up,2920
Sh,904
do,4904
vi,4577
tl,3130
sy,412
ym,184
hy,992
by,2589
gl,1524
hl,176
sn,472
rk,898
kn,2121
fe,4835
gs,936
Ev,236
Bu,1200
ib,1335
pl,4383
nl,2108
lt,1777
iz,887
zo,663
wr,578
nk,1535
kl,341
tw,1149
od,3351
ci,2796
ia,3192
Me,89
hc,70
hr,1360
ml,170
sl,1288
nv,721
Sp,124
dn,509
xi,321
eg,2223
ju,1010
No,787
cc,1093
hu,1611
yi,1061
ms,1865
To,411
dg,546
sf,417
av,4553
mi,4835
if,3782
yt,767
gn,959
au,2466
ht,4341
Hi,587
ui,1859
mm,1348
Po,185
We,715
St,262
eh,647
Ye,464
sw,696
sm,1626
my,2424
Af,214
wo,4654
wf,44
oa,1624
eo,1877
Sw,25
tz,145
ze,840
De,632
jo,717
If,350
fs,469
cr,2200
ey,3869
mt,74
ik,1399
og,901
fl,1433
Wh,1750
ks,746
ck,2785
ps,1117
Fo,262
np,94
nu,1040
Co,988
Is,145
Gi,29
Ku,684
mu,1660
ln,207
dl,1285
eu,312
oe,574
Te,118
rf,522
mb,1090
ix,276
xe,299
BO,335
OO,341
OK,331
EI,45
IG,65
GH,54
HT,52
ob,956
lw,476
Lo,207
vs,278
ls,1713
At,316
CH,394
HA,424
AP,379
PT,370
TE,556
ER,523
XX,79
XI,120
II,245
TH,324
AT,103
SA,15
AM,23
ME,52
EV,68
VE,136
EN,248
NI,66
IN,195
NG,68
lf,2415
Cl,72
Md,113
Dm,132
vn,533
Mi,387
Ki,118
Ar,225
gg,462
On,665
WA,372
AR,396
AN,415
ND,393
PE,359
EA,373
AC,357
CE,393
ba,2878
lr,497
Ti,150
ye,2180
Kn,32
Do,438
lp,400
py,315
az,377
Yo,766
Be,680
Al,717
lm,401
oy,743
cy,333
hm,350
Su,158
Ho,427
Fa,107
ah,158
nh,147
Ab,39
tc,776
ky,123
rb,240
dt,269
Sq,17
hf,150
ka,378
rc,1535
In,643
dc,26
yf,117
bi,1090
oc,1464
Ni,749
FR,22
RO,88
OM,27
HE,237
CL,15
LO,64
OS,19
SE,49
Eu,77
ko,218
Ru,829
Ju,227
ao,48
Du,149
uk,191
bs,502
rv,776
Sy,12
xa,353
eq,255
Ta,107
My,164
Br,146
nb,61
En,100
Pa,248
Au,286
uf,357
wk,65
kw,76
lv,457
Ch,171
Sm,121
lc,101
je,465
Fr,1373
NE,89
hd,234
Vi,174
Ha,314
dv,468
bj,177
nm,158
Re,175
Em,734
Wi,322
yr,92
rw,284
nr,90
Ea,51
cs,124
bt,276
ox,338
Dr,154
Eq,3
vv,4
vy,90
ON,166
TW,52
WE,31
NT,74
TY,13
OF,44
MA,33
AY,42
sd,90
ek,294
Ac,46
Gr,151
Ne,214
yl,229
TR,64
Da,154
nz,20
zi,275
Ko,89
Se,283
Ic,6
aq,10
Sc,97
yg,14
Oh,305
Go,565
Di,110
Ge,379
Ka,190
Hu,74
hb,119
mc,85
cn,22
Gu,111
iy,16
Uh,32
Fi,127
Mu,92
mf,215
aj,174
Sa,76
ax,98
xo,15
Le,179
Qu,37
uo,179
vu,23
EM,37
MP,7
OR,64
RU,11
US,21
SS,21
SI,43
IA,12
nw,106
uv,74
dq,46
yb,149
Za,24
kr,35
ez,187
ii,406
kh,807
yp,102
ph,485
Hl,67
Hd,23
df,100
fc,29
nj,120
tn,193
zu,89
zz,50
zl,46
uz,417
cq,107
Ad,35
dj,226
Ba,502
iq,47
nq,228
hg,3
gv,1
kc,45
wd,370
rq,17
tm,212
hk,90
yk,37
La,127
AL,49
LE,95
EX,20
XA,2
DE,54
IV,88
WO,34
cf,9
tp,61
Ry,25
gy,124
mr,65
cv,7
sr,38
tf,216
wy,45
bb,227
eV,15
Vs,16
gt,219
mn,278
hv,6
eb,271
ej,91
DA,62
AV,20
VO,1
OU,68
UT,10
AS,46
TO,64
NA,42
PO,11
OL,43
EO,11
wl,223
Ca,215
Tu,135
hn,124
Vf,9
VI,132
HO,18
UG,9
BA,10
LA,29
SH,14
ux,51
xu,19
hs,169
Si,123
dk,91
rh,223
Od,6
Wa,195
fb,46
Pf,50
bv,44
bm,68
Dv,1
Dn,7
AF,27
FT,45
LL,48
tb,20
vr,88
Ag,51
HI,74
IS,63
RV,4
IE,29
EW,18
tT,1
Ty,2
Of,94
rA,7
kJ,2
Jj,1
iK,1
oq,30
Li,175
Km,2
lg,100
hw,39
Eh,56
Ih,1
Ah,177
gm,33
dm,210
Bl,33
fn,133
ji,20
iL,1
fg,2
gV,1
lb,76
iV,2
VM,1
cj,1
oh,67
IX,55
PR,83
RI,67
NC,72
DR,15
RE,128
iu,136
qs,1
md,9
Vo,65
Bc,3
eT,12
Ts,82
vl,191
yd,115
Wo,84
lz,24
Am,57
dh,59
Er,50
sq,164
yw,86
fv,2
yz,13
ET,32
TT,12
oz,114
xh,58
Tw,76
Aw,7
Je,43
kv,14
fy,107
yc,194
BE,27
EF,5
FO,46
EG,9
GI,18
NN,13
Ot,58
rz,79
Uk,5
bn,12
Sv,7
pm,29
Pd,137
Il,119
tg,19
Ra,96
Zd,7
zh,102
ae,148
fk,52
TA,29
RN,21
ja,92
Us,17
IT,65
Os,16
Ou,65
Tr,58
XV,86
ST,76
OV,30
ww,10
Cr,45
sg,53
nx,91
EC,30
WS,3
kg,27
za,115
wM,11
Fe,74
pn,23
CA,19
LM,2
Iv,82
vd,85
Un,151
Pt,126
yn,59
Ve,120
By,60
pc,134
uV,1
Vv,1
dw,66
Im,32
Sl,11
gd,67
Or,105
Gh,1
Jo,39
Ap,44
GO,3
rN,1
uh,14
Wr,38
xf,3
kf,17
vt,4
Gl,30
FE,4
TI,57
IM,11
DS,6
tk,13
Ob,12
Ex,36
Pc,19
eH,4
Hy,4
Kr,76
Ga,55
cw,14
PC,3
km,28
Va,288
YS,11
EL,70
wt,16
ih,19
Pl,101
IR,36
RD,26
EP,34
MB,6
aa,16
Ri,12
Oc,58
zf,2
Oo,12
ku,26
UN,47
eF,1
bS,2
pk,24
Zu,5
RS,33
SB,1
BU,2
UR,69
RG,3
zd,32
El,37
Bi,99
PA,16
VL,5
VN,7
kd,34
LV,15
Ya,37
fw,26
TU,17
RA,29
uy,23
IC,25
Ja,19
vz,1
Ig,12
pb,14
Es,10
vf,51
Iq,1
qp,1
Ei,15
gN,1
zn,2
AD,26
DF,1
FU,30
UL,7
YO,4
SO,16
NY,5
YA,7
TK,1
KR,1
Ep,5
FF,5
FI,74
LD,9
DI,21
Pu,34
Zi,4
Ec,7
HC,1
RB,1
BJ,1
JI,1
yG,2
XE,1
CU,3
IO,47
HR,31
EE,82
WH,26
ES,31
RY,22
Vl,16
tA,12
Et,5
NO,23
OT,24
NL,5
LY,16
MI,10
Ok,2
vg,3
oj,38
oT,3
FA,7
MO,26
FL,5
NK,14
NS,18
EU,1
KO,2
UZ,2
ZO,3
RT,35
RM,3
MY,2
lh,13
BK,1
KN,2
GS,2
pd,114
XT,16
vk,11
Ef,7
Ey,8
pf,55
NW,3
IL,83
CO,86
LU,5
UM,2
MN,1
Eg,7
WI,29
GA,4
Yd,10
NH,1
AB,7
BI,36
TS,21
SC,5
OW,15
fd,7
aD,1
Bw,3
pw,14
wu,20
gw,30
bw,16
dp,10
zt,1
Tn,2
Lu,11
Wl,3
AE,1
VA,9
Tf,39
Ug,3
mk,5
lq,1
Zt,1
LS,24
Gd,1
pj,1
cS,4
Sn,2
sv,75
dz,20
SM,2
SK,4
Fl,17
iH,3
Hb,1
Vy,28
zm,58
vw,8
Id,7
Py,3
oL,2
aU,1
Uc,1
zy,18
Mm,1
cN,1
cI,1
aT,1
uj,3
jp,1
AU,7
GU,31
cM,3
Mr,26
Yk,2
Ay,1
MM,1
Wu,7
Pw,3
Vc,4
vc,2
uL,1
Cy,16
Kd,11
Gc,2
Lv,2
mS,2
eI,3
aH,1
Ht,5
Bd,1
Qw,1
PI,44
RR,23
Ut,7
AG,9
AI,12
ij,6
jt,4
xd,6
Ce,33
eU,2
Ue,3
Ur,5
Rh,31
mI,3
sx,2
Mf,17
Vr,9
yh,17
tv,12
SU,6
UD,3
DD,17
YB,1
OD,62
DY,2
ED,35
db,30
xq,4
Bf,2
cd,16
mw,10
Yu,4
DU,46
YE,5
aB,11
nI,1
ID,32
DL,2
Ak,5
IB,3
BL,18
GE,11
cW,3
yv,2
MU,3
Ci,7
Uv,12
bc,6
fh,6
Zh,51
Ly,4
yu,58
Ul,16
bf,4
fm,14
lL,1
uI,1
Op,10
cm,7
sI,2
OY,6
IF,30
OP,14
PS,4
Ax,1
Ij,1
Ae,1
Ke,17
PP,5
Vd,15
qa,1
dT,1
WN,8
wN,1
Ph,7
oH,1
OG,31
UE,32
Ow,5
wc,16
lM,12
bh,2
Sf,5
xy,188
dS,2
eS,2
wb,13
jf,2
Hf,1
sC,1
HS,2
SL,3
kS,1
OC,14
RL,5
Az,3
mg,2
EK,1
KS,1
UA,4
dI,1
hp,9
Kh,8
CR,4
hI,1
tH,1
Ml,2
TL,5
oR,1
iN,1
Gz,1
LK,3
KI,4
hh,9
yA,3
KH,3
PU,7
Oz,3
mh,4
CT,75
OB,2
GN,3
fz,4
LI,38
gz,1
tq,2
Ir,3
mM,1
Mt,3
qc,1
Av,6
KB,1
Sd,8
kz,2
zk,4
Yi,2
gp,5
gc,8
yj,2
LG,1
GR,7
JU,3
OI,1
uw,5
kp,3
PL,6
Ll,1
jc,1
Cu,34
Ld,9
Lz,1
Cz,7
aA,1
wm,4
Ek,3
Dd,5
Nu,8
Tt,3
aF,1
Pv,3
Hn,1
kt,10
Hm,10
Ms,2
fT,2
tj,5
EY,2
jj,4
kM,6
rI,1
Up,1
AW,1
Kf,3
hL,1
Lh,1
xl,3
kb,7
sz,5
Tv,11
Ov,4
Fd,4
jr,2
iw,5
uq,2
zp,1
uu,2
cz,3
rj,4
zv,1
bp,2
mv,1
BR,14
TC,2
oW,2
Ai,4
fO,1
eA,1
DO,13
GT,2
fP,1
CI,4
gb,24
eN,4
UB,2
yy,5
gf,4
fG,1
gB,4
hG,1
rT,2
fp,4
tB,19
HY,1
eK,2
eP,1
eB,5
IZ,10
ZE,11
Fu,4
Sk,2
Ed,8
tI,3
cg,1
wp,2
cp,4
pg,1
cb,1
xs,2
sj,6
xx,1
tx,1
xm,1
UJ,1
UP,2
BY,4
UI,3
YL,2
CY,4
YC,4
OX,1
XF,1
PY,5
YR,5
NV,2
NJ,1
PH,3
IK,2
jg,2
gx,1
Ib,7
dU,1
xv,2
aP,1
dR,1
Kl,7
eR,5
IP,2
EZ,1
ZU,1
UK,2
VS,1
sT,1
KU,4
Lc,1
oM,2
Mn,1
oB,3
sS,1
yJ,1
JP,1
iS,1
hB,1
sM,1
Mc,1
Hc,2
cH,2
RC,8
CK,11
zs,1
tW,2
Ws,1
NF,2
vS,1
jn,1
Mg,2
Zn,17
BS,2
RP,1
hj,2
js,2
GL,10
fB,2
tO,2
TM,2
OE,1
GY,1
YU,1
vA,1
wS,2
gC,1
Iw,1
UC,42
CC,4
Pn,1
jA,1
NU,14
dC,4
lS,1
Db,1
Tp,3
DM,1
KE,11
dD,3
Vx,1
zr,1
Mv,1
jl,2
Vt,2
oV,1
gS,1
wg,1
gI,1
aM,2
dA,1
BC,2
Jl,1
JH,1
jh,1
NM,1
dL,1
Lt,1
nT,2
Tm,1
vm,1
HU,2
Oe,1
sZ,1
vh,3
bq,1
qt,12
qi,1
tS,6
Js,1
mJ,1
rJ,1
Jm,1
Vu,1
zM,1
GG,1
RK,1
gU,1
nC,5
Zw,1
xw,1
iD,1
Sr,1
hA,1
nP,1
Jt,1
cV,1
MS,6
LF,3
rM,1
CJ,1
oS,3
SP,5
aL,1
cU,1
TZ,2
Gw,1
aV,1
Ip,1
zw,1
Io,1
Dc,2
yR,1
rC,1
Jc,1
Aa,1
Kw,1
nV,1
lx,1
AH,1
XP,1
cT,1
LT,2
TJ,1
JV,1
zV,1
DV,1
OJ,1
JE,1
AK,1
QU,2
FY,3
LR,1
Kg,1
Qt,3
Rs,3
tP,1
AX,1
DT,16
xC,14
yC,14
eO,20
fL,18
rW,5
sG,1
eC,8
pE,6
mB,2
eD,2
dK,1
wB,5
rV,1
rS,1
tC,1
rP,1
tL,2
ql,6
wG,13
pI,6
xA,1
wF,3
wL,2
tN,2
oC,3
tG,7
dN,4
dx,7
nR,1
FD,1
FP,1
cD,2
tF,6
dE,8
pF,2
tR,5
pR,1
pB,15
bB,3
lA,12
lU,3
lG,4
Cn,4
cC,2
rU,1
Ui,1
GV,1
xg,5
nG,1
Tc,1
